title,price,currency,category,condition
"ACEMAGIC RX16 16"" Gaming Laptop AMD Ryzen 7 6800H 16GB DDR5 512GB SSD Win 11 Pro",459.0,USD,PC Laptops & Netbooks,New
"[90% new]ACEMAGIC AX17 UHD Laptop 17.3"" FHD Netbook Intel N97 16GB RAM 512GB SSD",229.99,USD,PC Laptops & Netbooks,Used
"HP Envy 13.3"" FHD Laptop 4-Core i5-1135G7 up to 4.2GHz 8GB RAM 256GB SSD Win 10",379.99,USD,PC Laptops & Netbooks,Used
LENOVO 20L6S2DR00-Intel(R) Core(TM) i5-8350U CPU @ 1.70GHz-8GB-256GB,100.1,USD,PC Laptops & Netbooks,Used
"Lenovo - Yoga 7 2-in-1 - Copilot+ PC - 14"" 2K OLED Touchscreen Laptop - AMD",799.99,USD,PC Laptops & Netbooks,New
Dell Latitude 3590 i5-8350U 24 GB RAM black,79.0,USD,PC Laptops & Netbooks,Used
HP Laptop 17.3 in anti-glare Screen Intel i5 1334U UP TO 4.6GHz 64GB RAM 2TB SSD,1053.0,USD,PC Laptops & Netbooks,New
Lenovo ThinkPad T480 i5-8250U 8GB 128GB Laptop FOR PARTS,54.0,USD,PC Laptops & Netbooks,For parts or not working
Test Title,10.0,USD,PC Laptops & Netbooks,Used
"ASUS - TUF Gaming A16 16"" 165Hz Gaming Laptop FHD-AMD Ryzen 7 7735HS with 1",1139.99,USD,PC Laptops & Netbooks,New
Premium Item Brown Large,39.0,USD,PC Laptops & Netbooks,Used
HP MacBook Pro MB990LL/A 13.3 in. Notebook NEW,540.0,USD,Apple Laptops,New
HP MacBook Pro MB990LL/A 13.3 in. Notebook NEW,540.0,USD,Apple Laptops,New
HP MacBook Pro MB990LL/A 13.3 in. Notebook NEW,540.0,USD,Apple Laptops,New
Premium Item Brown Large 2,39.0,USD,PC Laptops & Netbooks,Used
Test SN,55.0,USD,PC Laptops & Netbooks,Used
"Apple MacBook Pro 16"" M1 Pro/Max Laptop - Excellent Condition",1800.0,USD,Apple Laptops,Used
Apple MacBook Pro MB990LL/A 13.3 in. Notebook NEW,500.0,USD,Apple Laptops,New
AppleTestWebApp,560.0,USD,Apple Laptops,New
"HP - 14"" Laptop - Intel Celeron - 4GB Memory - 64GB eMMC - Snowflake White",299.99,USD,PC Laptops & Netbooks,New
Apple MacBook Pro - Slim Aluminum Laptop - Space Black,299.99,USD,Apple Laptops,New
Apple MacBook Pro - Aluminum Unibody Laptop - Space Black,299.99,USD,Apple Laptops,New
Lenovo T480 i5-8250U 8 GB RAM 128 GB - FOR PARTS,64.0,USD,PC Laptops & Netbooks,For parts or not working
"Apple MacBook Pro 16"" M1 Pro Laptop - Excellent Condition",1250.0,USD,Apple Laptops,Used
Test Item for Sandbox Notification,500.0,USD,Apple Laptops,New
Apple MacBook Pro MB990LL/A 13.3 in. Notebook NEW,10.0,USD,Apple Laptops,New
Apple MacBook Pro MB990LL/A 13.3 in. Notebook NEW,1.0,USD,Apple Laptops,New
asdasdasda,234.0,USD,Apple Laptops,New
very 544hopeful test,200.0,USD,Apple Laptops,New
some bilstein test,200.0,USD,Apple Laptops,New
TestSex,450.0,USD,Apple Laptops,New
SexBomb,450.0,USD,Apple Laptops,New
Apple MacBook Pro MB990LL/A 13.3 in. Notebook NEW111111222,400.01,USD,Apple Laptops,New
Apple MacBook Pro MB990LL/A 13.3 in. Notebook NEW1111112223333,401.0,USD,Apple Laptops,New
35_RIDERACE Bicycle Water Bottle 750ML PP5 Plastic For Outdoor Running Climbing,499.0,USD,Apple Laptops,New
ASUS - Zenbook S 16 16” 3K OLED Touch Screen Laptop - Copilot+ PC - AMD Ryz,1649.99,USD,PC Laptops & Netbooks,New
The Collection Snowboard: Oxygen 3,57.0,USD,Apple Laptops,New
Apple MacBook Pro MB990LL/A 13.3 in. Notebook NEW,9.0,USD,Apple Laptops,New
HP MacBook Pro MB990LL/A 13.3 in. Notebook NEW,498.0,USD,Apple Laptops,New
Blue Sapphire  Wedding Band  Eternity Ring11,500.0,USD,Apple Laptops,New
"Hewlett-Packard HP EliteDesk 705 G1 SFF-AMD A8 PRO-7600B R7, 10 Compute Cores...",65.0,USD,PC Laptops & Netbooks,Used
"Pilot FriXion Clicker Retractable Erasable Gel Pen, Fine Point, Black",5.0,USD,Apple Laptops,New
HP MacBook Pro MB990LL/A 13.3 in. Notebook NEW,540.0,USD,Apple Laptops,New
HP MacBook Pro MB990LL/A 13.3 in. Notebook NEW,540.0,USD,Apple Laptops,New
HP MacBook Pro MB990LL/A 13.3 in. Notebook NEW,540.0,USD,Apple Laptops,New
HP MacBook Pro MB990LL/A 13.3 in. Notebook NEW,540.0,USD,Apple Laptops,New
HP MacBook Pro MB990LL/A 13.3 in. Notebook NEW,540.0,USD,Apple Laptops,New
a JSjs Pro MB990LL/A 13.3 in. Notebook NEW,540.0,USD,Apple Laptops,New
HP MacBook Pro MB990LL/A 13.3 in. Notebook NEW,540.0,USD,Apple Laptops,New
xxxpppffff,500.0,USD,Apple Laptops,New
Apple xxpp,500.0,USD,Apple Laptops,New
Smartphone,500.0,USD,Apple Laptops,New
sfsdffsdf,23.0,USD,Apple Laptops,New
47703-35091 0001,270.0,USD,Apple Laptops,New
Apple MacBook Pro MB990LL/A 13.3 in. Notebook,500.0,USD,Apple Laptops,New
Test SN,40.0,USD,PC Laptops & Netbooks,Used
Тестов продукт с 2 снимки (Sandbox),19.99,USD,Apple Laptops,New
Test 3,5.0,USD,Apple Laptops,New
Apple MacBook Pro MB990LL/A 13.3 in. Notebook NEW,500.0,USD,Apple Laptops,New
Apple MacBook Pro MB990LL/A 13.3 in. Notebook NEW,500.0,USD,Apple Laptops,New
Apple MacBook Pro MB990LL/A 13.3 in. Notebook NEW,500.0,USD,Apple Laptops,New
Apple MacBook Pro MB990LL/A 13.3 in. Notebook NEW,500.0,USD,Apple Laptops,New
Apple MacBook Pro MB990LL/A 13.3 in. Notebook NEW,500.0,USD,Apple Laptops,New
Apple MacBook Pro MB990LL/A 13.3 in. Notebook NEW,500.0,USD,Apple Laptops,New
Apple MacBook Pro MB990LL/A 13.3 in. Notebook NEW,500.0,USD,Apple Laptops,New
Apple MacBook Pro MB990LL/A 13.3 in. Notebook NEW,500.0,USD,Apple Laptops,New
Apple MacBook Pro MB990LL/A 13.3 in. Notebook NEW,500.0,USD,Apple Laptops,New
Apple MacBook Pro MB990LL/A 13.3 in. Notebook NEW,500.0,USD,Apple Laptops,New
Apple MacBook Pro MB990LL/A 13.3 in. Notebook NEW,500.0,USD,Apple Laptops,New
Apple MacBook Pro MB990LL/A 13.3 in. Notebook NEW,500.0,USD,Apple Laptops,New
Apple MacBook Pro MB990LL/A 13.3 in. Notebook NEW,500.0,USD,Apple Laptops,New
Apple MacBook Pro MB990LL/A 13.3 in. Notebook NEW,500.0,USD,Apple Laptops,New
Apple MacBook Pro MB990LL/A 13.3 in. Notebook NEW,500.0,USD,Apple Laptops,New
Apple MacBook Pro MB990LL/A 13.3 in. Notebook NEW,500.0,USD,Apple Laptops,New
Apple MacBook Pro MB990LL/A 13.3 in. Notebook NEW,500.0,USD,Apple Laptops,New
HP MacBook Pro MB990LL/A 13.3 in. Notebook NEW,500.0,USD,Apple Laptops,New
HP MacBook Pro MB990LL/A 13.3 in. Notebook NEW,500.0,USD,Apple Laptops,New
HP MacBook Pro MB990LL/A 13.3 in. Notebook NEW,540.0,USD,Apple Laptops,New
HP MacBook Pro MB990LL/A 13.3 in. Notebook NEW,540.0,USD,Apple Laptops,New
HP MacBook Pro MB990LL/A 13.3 in. Notebook NEW,540.0,USD,Apple Laptops,New
a JSjs Pro MB990LL/A 13.3 in. Notebook NEW,540.0,USD,Apple Laptops,New
HP MacBook Pro MB990LL/A 13.3 in. Notebook NEW,540.0,USD,Apple Laptops,New
a JSjs Pro MB990LL/A 13.3 in. Notebook NEW,540.0,USD,Apple Laptops,New
a JSjs Pro MB990LL/A 13.3 in. Notebook NEW,540.0,USD,Apple Laptops,New
xiepengfei Apple MacBook Pro MB990LL/A 13.3 in. Notebook NEW,500.0,USD,Apple Laptops,New
Apple MacBook Pro MB990LL/A 13.3 in. Notebook NEW0001,500.0,USD,Apple Laptops,New
xiepengfei Apple MacBook Pro MB990LL/A 13.3 in. Notebook NEW,500.0,USD,Apple Laptops,New
Apple MacBook Pro MB990LL/A 13.3 in. Notebook NEW2,500.0,USD,Apple Laptops,New
Apple MacBook Pro MB990LL/A 13.3 in. Notebook NEW,500.0,USD,Apple Laptops,New
Apple MacBook Pro MB990LL/A 13.3 in. Notebook NEW,500.0,USD,Apple Laptops,New
Apple MacBook Pro MB990LL/A 13.3 in. Notebook NEW,500.0,USD,Apple Laptops,New
Apple MacBook Pro MB990LL/A 13.3 in. Notebook NEW,500.0,USD,Apple Laptops,New
Apple MacBook Pro MB990LL/A 13.3 in. Notebook NEW,500.0,USD,Apple Laptops,New
Apple MacBook Pro MB990LL/A 13.3 in. Notebook NEW,500.0,USD,Apple Laptops,New
Apple MacBook Pro MB990LL/A 13.3 in. Notebook NEW,500.0,USD,Apple Laptops,New
Apple MacBook Pro MB990LL/A 13.3 in. Notebook NEW,500.0,USD,Apple Laptops,New
Apple MacBook Pro MB990LL/A 13.3 in. Notebook NEW,500.0,USD,Apple Laptops,New
Apple MacBook Pro MB990LL/A 13.3 in. Notebook NEW,500.0,USD,Apple Laptops,New
Apple MacBook Pro MB990LL/A 13.5 in. Notebook NEW,500.0,USD,Apple Laptops,New
Apple MacBook Pro MB990LL/A 13.3 in. Notebook NEW,500.0,USD,Apple Laptops,New
Apple MacBook Pro MB990LL/A 13.3 in. Notebook NEW88899000,500.0,USD,Apple Laptops,New
Apple MacBook Pro MB990LL/A 13.3 in. Notebook TEST-123,500.0,USD,Apple Laptops,New
Lenovo ThinkPad T480 i5-8250U 8 GB RAM 128 GB Black - FOR PARTS,64.0,USD,PC Laptops & Netbooks,For parts or not working
Harry Potter and the Goblet of Fire - Second Edition,39.0,USD,PC Laptops & Netbooks,Used
HP MacBook Pro MB990LL/A 13.3 in. Notebook NEW,500.0,USD,Apple Laptops,New
Modern API Request Success Test - 1756880755,29.99,USD,PC Laptops & Netbooks,New
Modern API Request Success Test - 1756882086,29.99,USD,PC Laptops & Netbooks,New
test item [test003],1.0,USD,PC Laptops & Netbooks,New
36_Fondjoy Marvel figure Splicing toys iron man MK1 MK2 MK3 MK4 MK5 MK6 MK7 A...,499.0,USD,Apple Laptops,New
Test 1,5.0,USD,Apple Laptops,New
Test 2,5.0,USD,Apple Laptops,New
47703-35091 0002,440.0,USD,Apple Laptops,New
Apple MacBook Pro MB990LL/A 13.3 in. Notebook NEW,500.0,USD,Apple Laptops,New
Apple MacBook Pro MB990LL/A 13.3 in. Notebook NEW,500.0,USD,Apple Laptops,New
Apple MacBook Pro MB990LL/A 13.3 in. Notebook NEW,500.0,USD,Apple Laptops,New
Apple MacBook Pro MB990LL/A 13.3 in. Notebook NEW,500.0,USD,Apple Laptops,New
Apple MacBook Pro MB990LL/A 13.3 in. Notebook NEW,500.0,USD,Apple Laptops,New
Apple MacBook Pro MB990LL/A 13.3 in. Notebook NEW,500.0,USD,Apple Laptops,New
Apple MacBook Pro MB990LL/A 13.3 in. Notebook NEW,500.0,USD,Apple Laptops,New
Apple MacBook Pro MB990LL/A 13.3 in. Notebook NEW,500.0,USD,Apple Laptops,New
Apple MacBook Pro MB990LL/A 13.3 in. Notebook NEW,500.0,USD,Apple Laptops,New
Apple MacBook Pro MB990LL/A 13.3 in. Notebook NEW,500.0,USD,Apple Laptops,New
Apple MacBook Pro MB990LL/A 13.3 in. Notebook NEW,500.0,USD,Apple Laptops,New
Apple MacBook Pro MB990LL/A 13.3 in. Notebook NEW,500.0,USD,Apple Laptops,New
Apple MacBook Pro MB990LL/A 13.3 in. DNT Test 1,500.0,USD,Apple Laptops,New
Apple MacBook Pro MB990LL/A 13.3 in. Notebook NEW_lpf,500.0,USD,Apple Laptops,New
Apple MacBook Pro MB990LL/A 13.3 in. Notebook NEW DNT 2,500.0,USD,Apple Laptops,New
Apple MacBook Pro MB990LL/A 13.3 in. Notebook NEW DNT 3,500.0,USD,Apple Laptops,New
Apple MacBook Pro MB990LL/A 13.3 in. Notebook NEW_lpf1,500.0,USD,Apple Laptops,New
Apple MacBook Pro MB990LL/A 13.3 in. Notebook NEW,500.0,USD,Apple Laptops,New
Dell MacBook Pro MB990LL/A 13.3 in. Notebook NEW,500.0,USD,Apple Laptops,New
HP MacBook Pro MB990LL/A 13.3 in. Notebook NEW,500.0,USD,Apple Laptops,New
a JSjs Pro MB990LL/A 13.3 in. Notebook NEW,500.0,USD,Apple Laptops,New
Jinoom JSjs Pro MB990LL/A 13.3 in. Notebook NEW,500.0,USD,Apple Laptops,New
Test 4,5.0,USD,Apple Laptops,New
Test Laptop - Python eBay API,99.99,USD,PC Laptops & Netbooks,Used
some bilstein test3,200.0,USD,Apple Laptops,New
test item [test002],1.0,USD,PC Laptops & Netbooks,New
"Refurbished 15"" MacBook Air M4 Chip - 10-Core CPU/GPU - Midnight",799.99,USD,Apple Laptops,New
2025 MacBook Air 15” M4 Chip - Sleek & Powerful Laptop,799.99,USD,Apple Laptops,New
A 13.3 in. Notebook NEW,500.0,USD,Apple Laptops,New
Apple MacBook Aluminum Laptop - Space Black,1400.0,USD,Apple Laptops,New
Dell Inc. XPS 15 9570-Intel(R) Core(TM) i7-8750H CPU @ 2.20GHz-32GB-1024GB,30.0,USD,PC Laptops & Netbooks,Used
zxzxzxzxzxzxqwwqqwqw,500.0,USD,Apple Laptops,New
qwecsfdfjhjuiuy,500.0,USD,Apple Laptops,New
T480 FOR PARTS - Pre Tag Test,64.0,USD,PC Laptops & Netbooks,For parts or not working
T480 FOR PARTS - BR Tag Test,64.0,USD,PC Laptops & Netbooks,For parts or not working
T480 FOR PARTS - P Tag Test,64.0,USD,PC Laptops & Netbooks,For parts or not working
Super Terrifix Test Listing,500.0,USD,Apple Laptops,New
Lenovo T480 i5-8250U 8GB 128GB - FOR PARTS (Plain Text Test),64.0,USD,PC Laptops & Netbooks,For parts or not working
Lenovo T480 i5-8250U 8GB 128GB - FOR PARTS (Line Breaks Test),64.0,USD,PC Laptops & Netbooks,For parts or not working
- Milwaukee M12 12-Volt Lithium-Ion Cordless 1/4 in. Hex Screwdriver Kit with...,1000.0,USD,PC Laptops & Netbooks,Used
LENOVO 20S60029US-Intel(R) Core(TM) i5-10210U CPU @ 1.60GHz-8GB-256GB,4.0,USD,PC Laptops & Netbooks,Used
"Blackview ‎GamiBook 8 AMD R7 7735HS 16"" 5000MAH Laptop 16GB LPDDR5 RAM 512GB ROM",877.39,USD,PC Laptops & Netbooks,New
LENOVO 20S60029US-Intel(R) Core(TM) i5-10210U CPU @ 1.60GHz-8GB-256GB,5.0,USD,PC Laptops & Netbooks,Used
32_HP MacBook Pro MB990LL/A 13.3 in. Notebook NEW,499.0,USD,Apple Laptops,New
Apple MacBook  Notebook NEW,501.0,USD,Apple Laptops,New
Apple MacBook Pro MB990LL/A 13.3 in. Notebook NEW11111111111,500.0,USD,Apple Laptops,New
Test Active Auto-Relist Item,25.0,USD,PC Laptops & Netbooks,New
HP MacBook Pro MB990LL/A 13.3 in. Notebook NEW,500.0,USD,Apple Laptops,New
test3,500.0,USD,Apple Laptops,New
Test SN,6.0,USD,PC Laptops & Netbooks,Used
Test SN,7.0,USD,PC Laptops & Netbooks,Used
Test SN,5.0,USD,PC Laptops & Netbooks,Used
37_Updated____UTHAI Men Watch Light Luxury Brand Stainless Steel Double Calen...,499.0,USD,Apple Laptops,New
Apple MacBook Pro MB990LL/A 13.3 in. Notebook NEW,500.0,USD,Apple Laptops,New
Apple MacBook Pro MB990LL/A 13.3 in. Notebook NEW,15.16,USD,Apple Laptops,New
centralina audi a3,350.0,USD,Apple Laptops,New
8_JINKO and the Philosopher's Stone,1.0,USD,Apple Laptops,New
Apple MacBook Pro MB990LL/A 13.3 in. Notebook NEW,500.0,USD,Apple Laptops,New
Apple Mac Book pro,299.99,USD,Apple Laptops,New
Harry Potter and the Goblet of Fire - First Edition,500.0,USD,Apple Laptops,New
Test6,500.0,USD,Apple Laptops,New
"Apple MacBook Pro 14"" 2021 M1 Pro Gray",1781.46,USD,Apple Laptops,New
17_Single_Variant_HP MacBook Pro MB990LL/A 13.3 in. Notebook NEW,500.0,USD,Apple Laptops,New
a JSjs Pro MB990LL/A 13.3 in. Notebook NEW,500.0,USD,Apple Laptops,New
"Apple MacBook - Space Black, Aluminum Body",299.99,USD,Apple Laptops,New
"Apple MacBook - Aluminum Body, Space Black",299.99,USD,Apple Laptops,New
Test2,500.0,USD,Apple Laptops,New
Dell Inc. XPS 15 9570-Intel(R) Core(TM) i7-8750H CPU @ 2.20GHz-32GB-1024GB,10.0,USD,PC Laptops & Netbooks,Used
"Apple MacBook Pro - Space Black, Retina Display",299.99,USD,Apple Laptops,New
"Apple MacBook Pro - Aluminum Body, Space Black",299.99,USD,Apple Laptops,New
"Apple MacBook Pro - Aluminum Unibody, Space Black",299.99,USD,Apple Laptops,New
Apple MacBook Pro - Aluminum Body - Space Black,299.99,USD,Apple Laptops,New
MacBook Pro,440.0,USD,Apple Laptops,New
"Apple MacBook Pro - Slim Aluminum Body, Space Black",299.99,USD,Apple Laptops,New
LENOVO 20N4002NUS-Intel(R) Core(TM) i7-8665U CPU @ 1.90GHz-16GB-256GB,20.0,USD,PC Laptops & Netbooks,Used
"Apple MacBook Air M4 15-Inch - Lightweight, Powerful Laptop",12.0,USD,Apple Laptops,New
"Apple MacBook Pro 16"" M1 Pro 16GB RAM 512GB SSD Excellent Pre-owned",1100.0,USD,Apple Laptops,Used
some bilstein test2,200.0,USD,Apple Laptops,New
some ARP test1,200.0,USD,Apple Laptops,New
LENOVO 20EN001SUS-Intel(R) Xeon(R) CPU E3-1505M v5 @ 2.80GHz-32GB-512GB,3000.0,USD,PC Laptops & Netbooks,Used
Macbook pro,1800.0,USD,PC Laptops & Netbooks,New
The Collection Snowboard: Oxygen,57.0,USD,Apple Laptops,New
The Collection Snowboard: Oxygen,57.0,USD,Apple Laptops,New
Apple MacBook Air M2 Laptop with Liquid Retina Display - Starlight,100.0,USD,Apple Laptops,New
"Apple MacBook Pro - Backlit Keyboard, Silver",775.0,USD,Apple Laptops,Used
Apple MacBook Pro MB990LL/A 13.3 in. Notebook NEW,100.0,USD,Apple Laptops,New
Test SN,4567.0,USD,PC Laptops & Netbooks,Used
Test SN,23434.0,USD,PC Laptops & Netbooks,Used
Test SN,2343.0,USD,PC Laptops & Netbooks,Used
Test SN,23423.0,USD,PC Laptops & Netbooks,Used
Test SN,2342.0,USD,PC Laptops & Netbooks,Used
Test SN,2343.0,USD,PC Laptops & Netbooks,Used
Apple MacBook Air M2 - Liquid Retina Display - Silver,500.0,USD,Apple Laptops,New
HP MacBook Pro MB990LL/A 13.3 in. Notebook NEW,999.0,USD,Apple Laptops,New
34_HP MacBook Pro MB990LL/A 13.3 in. Notebook NEW,499.0,USD,Apple Laptops,New
7_HP MacBook Pro MB990LL/A 13.3 in. Notebook NEW,500.0,USD,Apple Laptops,New
9_HP MacBook Pro MB990LL/A 13.3 in. Notebook NEW,500.0,USD,Apple Laptops,New
12_HP MacBook Pro MB990LL/A 13.3 in. Notebook NEW,500.0,USD,Apple Laptops,New
13_HP MacBook Pro MB990LL/A 13.3 in. Notebook NEW,500.0,USD,Apple Laptops,New
14_HP MacBook Pro MB990LL/A 13.3 in. Notebook NEW,500.0,USD,Apple Laptops,New
14_HP MacBook Pro MB990LL/A 13.3 in. Notebook NEW,500.0,USD,Apple Laptops,New
Apple MacBook Pro MB990LL/A 13.3 in. Notebook NEW,500.0,USD,Apple Laptops,New
Apple MacBook Pro MB990LL/A 13.3 in. Notebook NEW,500.0,USD,Apple Laptops,New
Apple MacBook Pro - Backlit Keyboard - Space Gray,525.0,USD,Apple Laptops,Used
Apple MacBook Pro - Backlit Keyboard - Space Gray,500.0,USD,Apple Laptops,Used
Apple MacBook Air 13-inch,999.99,USD,Apple Laptops,New
"Apple MacBook Pro - Backlit Keyboard, Silver",500.0,USD,Apple Laptops,Used
Test Item From Sandbox,9.99,USD,Apple Laptops,New
Apple MacBook Air M2 Laptop - Silver,299.99,USD,Apple Laptops,New
20_HP MacBook Pro MB990LL/A 13.3 in. Notebook NEW,11.0,USD,Apple Laptops,New
Not US,500.0,USD,Apple Laptops,New
Aplle Mac Book,299.99,USD,Apple Laptops,New
15_HP MacBook Pro MB990LL/A 13.3 in. Notebook NEW,500.0,USD,Apple Laptops,New
Apple MacBook Pro MB990LL/A 13.3 in. Notebook NEW,500.0,USD,Apple Laptops,New
Apple MacBook Pro MB990LL/A 13.3 in. Notebook NEW test,500.0,USD,Apple Laptops,New
TEST DISCOUNT,50.0,USD,Apple Laptops,New
HP MacBook Pro MB990LL/A 13.3 in. Notebook NEW,540.0,USD,Apple Laptops,New
HP MacBook Pro MB990LL/A 13.3 in. Notebook NEW,540.0,USD,Apple Laptops,New
"Apple MacBook Pro 14"" 2021 M1 Pro Gray",1781.46,USD,Apple Laptops,New
Apple MacBook Pro MB990LL/A 13.3 in. Notebook NEW,500.0,USD,Apple Laptops,New
Apple MacBook Pro MB990LL/A 13.3 in. Notebook NEW,500.0,USD,Apple Laptops,New
a JSjs Pro MB990LL/A 13.3 in. Notebook NEW,540.0,USD,Apple Laptops,New
HP MacBook Pro MB990LL/A 13.3 in. Notebook NEW,540.0,USD,Apple Laptops,New
"Apple MacBook Air - Illuminated Logo, Silver",299.99,USD,Apple Laptops,Used
6_ a JSjs Pro MB990LL/A 13.3 in. Notebook NEW,500.0,USD,Apple Laptops,New
47703-35091 0003,440.0,USD,Apple Laptops,New
47703-35091 0004,440.0,USD,Apple Laptops,New
"Apple MacBook Laptop - Aluminum Body, Space Black",299.99,USD,Apple Laptops,New
3_HP MacBook Pro MB990LL/A 13.3 in. Notebook NEW,500.0,USD,Apple Laptops,New
2_HP MacBook Pro MB990LL/A 13.3 in. Notebook NEW,500.0,USD,Apple Laptops,New
4_HP MacBook Pro MB990LL/A 13.3 in. Notebook NEW,500.0,USD,Apple Laptops,New
TEST DISCOUNT 777,50.0,USD,Apple Laptops,Used
HP MacBook Pro MB990LL/A 13.3 in. Notebook NEW,500.0,USD,Apple Laptops,New
Apple MacBook Pro MB990LL/A 13.3 in. Notebook NEW,500.0,USD,Apple Laptops,New
Apple MacBook Pro MB990LL/A 13.3 in. Notebook NEW,500.0,USD,Apple Laptops,New
TEst product 1 - DONT BUY,9.0,USD,Apple Laptops,New
Apple MacBook Pro - Aluminum Body - Space Black,1850.0,USD,Apple Laptops,New
Apple MacBook Pro MB990LL/A 13.3 in. Notebook NEW,500.0,USD,Apple Laptops,New
