title,price,currency,category,condition,item_url
"ACEMAGIC RX16 16"" Gaming Laptop AMD Ryzen 7 6800H 16GB DDR5 512GB SSD Win 11 Pro",459.0,USD,PC Laptops & Netbooks,New,https://cgi.sandbox.ebay.com/ACEMAGIC-RX16-16-Gaming-Laptop-AMD-Ryzen-7-6800H-16GB-DDR5-512GB-SSD-Win-11-Pro-/110588318818
"[90% new]ACEMAGIC AX17 UHD Laptop 17.3"" FHD Netbook Intel N97 16GB RAM 512GB SSD",229.99,USD,PC Laptops & Netbooks,Used,https://cgi.sandbox.ebay.com/90-new-ACEMAGIC-AX17-UHD-Laptop-17-3-FHD-Netbook-Intel-N97-16GB-RAM-512GB-SSD-/110588341952
"HP Envy 13.3"" FHD Laptop 4-Core i5-1135G7 up to 4.2GHz 8GB RAM 256GB SSD Win 10",379.99,USD,PC Laptops & Netbooks,Used,https://cgi.sandbox.ebay.com/HP-Envy-13-3-FHD-Laptop-4-Core-i5-1135G7-up-4-2GHz-8GB-RAM-256GB-SSD-Win-10-/110588635168
LENOVO 20L6S2DR00-Intel(R) Core(TM) i5-8350U CPU @ 1.70GHz-8GB-256GB,100.1,USD,PC Laptops & Netbooks,Used,https://cgi.sandbox.ebay.com/LENOVO-20L6S2DR00-Intel-R-Core-TM-i5-8350U-CPU-1-70GHz-8GB-256GB-/110588362023
"Lenovo - Yoga 7 2-in-1 - Copilot+ PC - 14"" 2K OLED Touchscreen Laptop - AMD",799.99,USD,PC Laptops & Netbooks,New,https://cgi.sandbox.ebay.com/Lenovo-Yoga-7-2-in-1-Copilot-PC-14-2K-OLED-Touchscreen-Laptop-AMD-/110588408025
Dell Latitude 3590 i5-8350U 24 GB RAM black,79.0,USD,PC Laptops & Netbooks,Used,https://cgi.sandbox.ebay.com/Dell-Latitude-3590-i5-8350U-24-GB-RAM-black-/110588631328
Lenovo ThinkPad T480 i5-8250U 8GB 128GB Laptop FOR PARTS,54.0,USD,PC Laptops & Netbooks,For parts or not working,https://cgi.sandbox.ebay.com/Lenovo-ThinkPad-T480-i5-8250U-8GB-128GB-Laptop-PARTS-/110588631262
HP Laptop 17.3 in anti-glare Screen Intel i5 1334U UP TO 4.6GHz 64GB RAM 2TB SSD,1053.0,USD,PC Laptops & Netbooks,New,https://cgi.sandbox.ebay.com/HP-Laptop-17-3-anti-glare-Screen-Intel-i5-1334U-UP-4-6GHz-64GB-RAM-2TB-SSD-/110588626902?var=0
"ASUS - TUF Gaming A16 16"" 165Hz Gaming Laptop FHD-AMD Ryzen 7 7735HS with 1",1139.99,USD,PC Laptops & Netbooks,New,https://cgi.sandbox.ebay.com/ASUS-TUF-Gaming-A16-16-165Hz-Gaming-Laptop-FHD-AMD-Ryzen-7-7735HS-1-/110588419993
Test SN,55.0,USD,PC Laptops & Netbooks,Used,https://cgi.sandbox.ebay.com/Test-SN-/110588319803
Lenovo T480 i5-8250U 8 GB RAM 128 GB - FOR PARTS,64.0,USD,PC Laptops & Netbooks,For parts or not working,https://cgi.sandbox.ebay.com/Lenovo-T480-i5-8250U-8-GB-RAM-128-GB-PARTS-/110588631311
"HP - 14"" Laptop - Intel Celeron - 4GB Memory - 64GB eMMC - Snowflake White",299.99,USD,PC Laptops & Netbooks,New,https://cgi.sandbox.ebay.com/HP-14-Laptop-Intel-Celeron-4GB-Memory-64GB-eMMC-Snowflake-White-/110588408026
Premium Item Brown Large,39.0,USD,PC Laptops & Netbooks,Used,https://cgi.sandbox.ebay.com/Premium-Item-Brown-Large-/110588435448
Premium Item Brown Large 2,39.0,USD,PC Laptops & Netbooks,Used,https://cgi.sandbox.ebay.com/Premium-Item-Brown-Large-2-/110588466739
Apple MacBook Pro MB990LL/A 13.3 in. Notebook NEW,500.0,USD,Apple Laptops,New,https://cgi.sandbox.ebay.com/Apple-MacBook-Pro-MB990LL-A-13-3-in-Notebook-NEW-/110588474806
Test Title,10.0,USD,PC Laptops & Netbooks,Used,https://cgi.sandbox.ebay.com/Test-Title-/110588371763
Apple MacBook Pro - Aluminum Unibody Laptop - Space Black,299.99,USD,Apple Laptops,New,https://cgi.sandbox.ebay.com/Apple-MacBook-Pro-Aluminum-Unibody-Laptop-Space-Black-/110588600401
"Apple MacBook Pro 16"" M1 Pro Laptop - Excellent Condition",1250.0,USD,Apple Laptops,Used,https://cgi.sandbox.ebay.com/Apple-MacBook-Pro-16-M1-Pro-Laptop-Excellent-Condition-/110588418561
Test 3,5.0,USD,Apple Laptops,New,https://cgi.sandbox.ebay.com/Test-3-/110588636689
AppleTestWebApp,560.0,USD,Apple Laptops,New,https://cgi.sandbox.ebay.com/AppleTestWebApp-/110588455667
Test Item for Sandbox Notification,500.0,USD,Apple Laptops,New,https://cgi.sandbox.ebay.com/Test-Item-Sandbox-Notification-/110588332443
Apple MacBook Pro MB990LL/A 13.3 in. Notebook NEW,1.0,USD,Apple Laptops,New,https://cgi.sandbox.ebay.com/Apple-MacBook-Pro-MB990LL-A-13-3-in-Notebook-NEW-/110588347097
asdasdasda,234.0,USD,Apple Laptops,New,https://cgi.sandbox.ebay.com/asdasdasda-/110588426236
"Apple MacBook Pro 16"" M1 Pro/Max Laptop - Excellent Condition",1800.0,USD,Apple Laptops,Used,https://cgi.sandbox.ebay.com/Apple-MacBook-Pro-16-M1-Pro-Max-Laptop-Excellent-Condition-/110588345039
very 544hopeful test,200.0,USD,Apple Laptops,New,https://cgi.sandbox.ebay.com/very-544hopeful-test-/110588364035
some bilstein test,200.0,USD,Apple Laptops,New,https://cgi.sandbox.ebay.com/some-bilstein-test-/110588364042
Apple MacBook Pro - Slim Aluminum Laptop - Space Black,299.99,USD,Apple Laptops,New,https://cgi.sandbox.ebay.com/Apple-MacBook-Pro-Slim-Aluminum-Laptop-Space-Black-/110588598630
35_RIDERACE Bicycle Water Bottle 750ML PP5 Plastic For Outdoor Running Climbing,499.0,USD,Apple Laptops,New,https://cgi.sandbox.ebay.com/35-RIDERACE-Bicycle-Water-Bottle-750ML-PP5-Plastic-Outdoor-Running-Climbing-/110588636079?var=0
Apple MacBook Pro MB990LL/A 13.3 in. Notebook NEW111111222,400.01,USD,Apple Laptops,New,https://cgi.sandbox.ebay.com/Apple-MacBook-Pro-MB990LL-A-13-3-in-Notebook-NEW111111222-/110588385507
Apple MacBook Pro MB990LL/A 13.3 in. Notebook NEW1111112223333,401.0,USD,Apple Laptops,New,https://cgi.sandbox.ebay.com/Apple-MacBook-Pro-MB990LL-A-13-3-in-Notebook-NEW1111112223333-/110588385526
Lenovo ThinkPad T480 i5-8250U 8 GB RAM 128 GB Black - FOR PARTS,64.0,USD,PC Laptops & Netbooks,For parts or not working,https://cgi.sandbox.ebay.com/Lenovo-ThinkPad-T480-i5-8250U-8-GB-RAM-128-GB-Black-PARTS-/110588631268
ASUS - Zenbook S 16 16” 3K OLED Touch Screen Laptop - Copilot+ PC - AMD Ryz,1649.99,USD,PC Laptops & Netbooks,New,https://cgi.sandbox.ebay.com/ASUS-Zenbook-S-16-16-3K-OLED-Touch-Screen-Laptop-Copilot-PC-AMD-Ryz-/110588408099
Test 1,5.0,USD,Apple Laptops,New,https://cgi.sandbox.ebay.com/Test-1-/110588636686
Test 2,5.0,USD,Apple Laptops,New,https://cgi.sandbox.ebay.com/Test-2-/110588636687
HP MacBook Pro MB990LL/A 13.3 in. Notebook NEW,500.0,USD,Apple Laptops,New,https://cgi.sandbox.ebay.com/HP-MacBook-Pro-MB990LL-A-13-3-in-Notebook-NEW-/110588632171?var=0
Apple MacBook Pro MB990LL/A 13.3 in. Notebook NEW,9.0,USD,Apple Laptops,New,https://cgi.sandbox.ebay.com/Apple-MacBook-Pro-MB990LL-A-13-3-in-Notebook-NEW-/110588323406
HP MacBook Pro MB990LL/A 13.3 in. Notebook NEW,498.0,USD,Apple Laptops,New,https://cgi.sandbox.ebay.com/HP-MacBook-Pro-MB990LL-A-13-3-in-Notebook-NEW-/110588466905
HP MacBook Pro MB990LL/A 13.3 in. Notebook NEW,540.0,USD,Apple Laptops,New,https://cgi.sandbox.ebay.com/HP-MacBook-Pro-MB990LL-A-13-3-in-Notebook-NEW-/110588640073?var=0
a JSjs Pro MB990LL/A 13.3 in. Notebook NEW,540.0,USD,Apple Laptops,New,https://cgi.sandbox.ebay.com/JSjs-Pro-MB990LL-A-13-3-in-Notebook-NEW-/110588640578?var=0
HP MacBook Pro MB990LL/A 13.3 in. Notebook NEW,540.0,USD,Apple Laptops,New,https://cgi.sandbox.ebay.com/HP-MacBook-Pro-MB990LL-A-13-3-in-Notebook-NEW-/110588640580?var=0
TestSex,450.0,USD,Apple Laptops,New,https://cgi.sandbox.ebay.com/TestSex-/110588455371
SexBomb,450.0,USD,Apple Laptops,New,https://cgi.sandbox.ebay.com/SexBomb-/110588455473
Blue Sapphire  Wedding Band  Eternity Ring11,500.0,USD,Apple Laptops,New,https://cgi.sandbox.ebay.com/Blue-Sapphire-Wedding-Band-Eternity-Ring11-/110588419102
Apple MacBook Pro MB990LL/A 13.3 in. Notebook NEW,10.0,USD,Apple Laptops,New,https://cgi.sandbox.ebay.com/Apple-MacBook-Pro-MB990LL-A-13-3-in-Notebook-NEW-/110588345163
"Hewlett-Packard HP EliteDesk 705 G1 SFF-AMD A8 PRO-7600B R7, 10 Compute Cores...",65.0,USD,PC Laptops & Netbooks,Used,https://cgi.sandbox.ebay.com/Hewlett-Packard-HP-EliteDesk-705-G1-SFF-AMD-A8-PRO-7600B-R7-10-Compute-Cores-/110588320899
Test 4,5.0,USD,Apple Laptops,New,https://cgi.sandbox.ebay.com/Test-4-/110588636690
"Pilot FriXion Clicker Retractable Erasable Gel Pen, Fine Point, Black",5.0,USD,Apple Laptops,New,https://cgi.sandbox.ebay.com/Pilot-FriXion-Clicker-Retractable-Erasable-Gel-Pen-Fine-Point-Black-/110588455880
xxxpppffff,500.0,USD,Apple Laptops,New,https://cgi.sandbox.ebay.com/xxxpppffff-/110588366860
Apple xxpp,500.0,USD,Apple Laptops,New,https://cgi.sandbox.ebay.com/Apple-xxpp-/110588366874
HP MacBook Pro MB990LL/A 13.3 in. Notebook NEW,540.0,USD,Apple Laptops,New,https://cgi.sandbox.ebay.com/HP-MacBook-Pro-MB990LL-A-13-3-in-Notebook-NEW-/110588637240?var=0
HP MacBook Pro MB990LL/A 13.3 in. Notebook NEW,540.0,USD,Apple Laptops,New,https://cgi.sandbox.ebay.com/HP-MacBook-Pro-MB990LL-A-13-3-in-Notebook-NEW-/110588638046?var=0
HP MacBook Pro MB990LL/A 13.3 in. Notebook NEW,540.0,USD,Apple Laptops,New,https://cgi.sandbox.ebay.com/HP-MacBook-Pro-MB990LL-A-13-3-in-Notebook-NEW-/110588638129?var=0
HP MacBook Pro MB990LL/A 13.3 in. Notebook NEW,540.0,USD,Apple Laptops,New,https://cgi.sandbox.ebay.com/HP-MacBook-Pro-MB990LL-A-13-3-in-Notebook-NEW-/110588638402?var=0
Smartphone,500.0,USD,Apple Laptops,New,https://cgi.sandbox.ebay.com/Smartphone-/110588363054
sfsdffsdf,23.0,USD,Apple Laptops,New,https://cgi.sandbox.ebay.com/sfsdffsdf-/110588426102
47703-35091 0001,270.0,USD,Apple Laptops,New,https://cgi.sandbox.ebay.com/47703-35091-0001-/110588398999
Apple MacBook Pro MB990LL/A 13.3 in. Notebook,500.0,USD,Apple Laptops,New,https://cgi.sandbox.ebay.com/Apple-MacBook-Pro-MB990LL-A-13-3-in-Notebook-/110588371655
Test SN,40.0,USD,PC Laptops & Netbooks,Used,https://cgi.sandbox.ebay.com/Test-SN-/110588320378
Тестов продукт с 2 снимки (Sandbox),19.99,USD,Apple Laptops,New,https://cgi.sandbox.ebay.com/2-Sandbox-/110588410084
Apple MacBook Pro MB990LL/A 13.3 in. Notebook NEW,500.0,USD,Apple Laptops,New,https://cgi.sandbox.ebay.com/Apple-MacBook-Pro-MB990LL-A-13-3-in-Notebook-NEW-/110588368682
Apple MacBook Pro MB990LL/A 13.3 in. Notebook NEW,500.0,USD,Apple Laptops,New,https://cgi.sandbox.ebay.com/Apple-MacBook-Pro-MB990LL-A-13-3-in-Notebook-NEW-/110588368844
Apple MacBook Pro MB990LL/A 13.3 in. Notebook NEW,500.0,USD,Apple Laptops,New,https://cgi.sandbox.ebay.com/Apple-MacBook-Pro-MB990LL-A-13-3-in-Notebook-NEW-/110588374141
Apple MacBook Pro MB990LL/A 13.3 in. Notebook NEW,500.0,USD,Apple Laptops,New,https://cgi.sandbox.ebay.com/Apple-MacBook-Pro-MB990LL-A-13-3-in-Notebook-NEW-/110588385582
Apple MacBook Pro MB990LL/A 13.3 in. Notebook NEW,500.0,USD,Apple Laptops,New,https://cgi.sandbox.ebay.com/Apple-MacBook-Pro-MB990LL-A-13-3-in-Notebook-NEW-/110588387520
Apple MacBook Pro MB990LL/A 13.3 in. Notebook NEW,500.0,USD,Apple Laptops,New,https://cgi.sandbox.ebay.com/Apple-MacBook-Pro-MB990LL-A-13-3-in-Notebook-NEW-/110588407808
Apple MacBook Pro MB990LL/A 13.3 in. Notebook NEW,500.0,USD,Apple Laptops,New,https://cgi.sandbox.ebay.com/Apple-MacBook-Pro-MB990LL-A-13-3-in-Notebook-NEW-/110588412559
Apple MacBook Pro MB990LL/A 13.3 in. Notebook NEW,500.0,USD,Apple Laptops,New,https://cgi.sandbox.ebay.com/Apple-MacBook-Pro-MB990LL-A-13-3-in-Notebook-NEW-/110588414436
Apple MacBook Pro MB990LL/A 13.3 in. Notebook NEW,500.0,USD,Apple Laptops,New,https://cgi.sandbox.ebay.com/Apple-MacBook-Pro-MB990LL-A-13-3-in-Notebook-NEW-/110588419468
Apple MacBook Pro MB990LL/A 13.3 in. Notebook NEW,500.0,USD,Apple Laptops,New,https://cgi.sandbox.ebay.com/Apple-MacBook-Pro-MB990LL-A-13-3-in-Notebook-NEW-/110588423075
Apple MacBook Pro MB990LL/A 13.3 in. Notebook NEW,500.0,USD,Apple Laptops,New,https://cgi.sandbox.ebay.com/Apple-MacBook-Pro-MB990LL-A-13-3-in-Notebook-NEW-/110588423338
Apple MacBook Pro MB990LL/A 13.3 in. Notebook NEW,500.0,USD,Apple Laptops,New,https://cgi.sandbox.ebay.com/Apple-MacBook-Pro-MB990LL-A-13-3-in-Notebook-NEW-/110588425060
Apple MacBook Pro MB990LL/A 13.3 in. Notebook NEW,500.0,USD,Apple Laptops,New,https://cgi.sandbox.ebay.com/Apple-MacBook-Pro-MB990LL-A-13-3-in-Notebook-NEW-/110588425893
Apple MacBook Pro MB990LL/A 13.3 in. Notebook NEW,500.0,USD,Apple Laptops,New,https://cgi.sandbox.ebay.com/Apple-MacBook-Pro-MB990LL-A-13-3-in-Notebook-NEW-/110588426407
Apple MacBook Pro MB990LL/A 13.3 in. Notebook NEW,500.0,USD,Apple Laptops,New,https://cgi.sandbox.ebay.com/Apple-MacBook-Pro-MB990LL-A-13-3-in-Notebook-NEW-/110588371311
Apple MacBook Pro MB990LL/A 13.3 in. Notebook NEW,500.0,USD,Apple Laptops,New,https://cgi.sandbox.ebay.com/Apple-MacBook-Pro-MB990LL-A-13-3-in-Notebook-NEW-/110588415023
Apple MacBook Pro MB990LL/A 13.3 in. Notebook NEW,500.0,USD,Apple Laptops,New,https://cgi.sandbox.ebay.com/Apple-MacBook-Pro-MB990LL-A-13-3-in-Notebook-NEW-/110588366828
HP MacBook Pro MB990LL/A 13.3 in. Notebook NEW,500.0,USD,Apple Laptops,New,https://cgi.sandbox.ebay.com/HP-MacBook-Pro-MB990LL-A-13-3-in-Notebook-NEW-/110588423477
HP MacBook Pro MB990LL/A 13.3 in. Notebook NEW,500.0,USD,Apple Laptops,New,https://cgi.sandbox.ebay.com/HP-MacBook-Pro-MB990LL-A-13-3-in-Notebook-NEW-/110588423487
xiepengfei Apple MacBook Pro MB990LL/A 13.3 in. Notebook NEW,500.0,USD,Apple Laptops,New,https://cgi.sandbox.ebay.com/xiepengfei-Apple-MacBook-Pro-MB990LL-A-13-3-in-Notebook-NEW-/110588366836
Apple MacBook Pro MB990LL/A 13.3 in. Notebook NEW0001,500.0,USD,Apple Laptops,New,https://cgi.sandbox.ebay.com/Apple-MacBook-Pro-MB990LL-A-13-3-in-Notebook-NEW0001-/110588398997
xiepengfei Apple MacBook Pro MB990LL/A 13.3 in. Notebook NEW,500.0,USD,Apple Laptops,New,https://cgi.sandbox.ebay.com/xiepengfei-Apple-MacBook-Pro-MB990LL-A-13-3-in-Notebook-NEW-/110588366837
Apple MacBook Pro MB990LL/A 13.3 in. Notebook NEW2,500.0,USD,Apple Laptops,New,https://cgi.sandbox.ebay.com/Apple-MacBook-Pro-MB990LL-A-13-3-in-Notebook-NEW2-/110588415030
Apple MacBook Pro MB990LL/A 13.3 in. Notebook NEW,500.0,USD,Apple Laptops,New,https://cgi.sandbox.ebay.com/Apple-MacBook-Pro-MB990LL-A-13-3-in-Notebook-NEW-/110588347408
Apple MacBook Pro MB990LL/A 13.3 in. Notebook NEW,500.0,USD,Apple Laptops,New,https://cgi.sandbox.ebay.com/Apple-MacBook-Pro-MB990LL-A-13-3-in-Notebook-NEW-/110588347953
Apple MacBook Pro MB990LL/A 13.3 in. Notebook NEW,500.0,USD,Apple Laptops,New,https://cgi.sandbox.ebay.com/Apple-MacBook-Pro-MB990LL-A-13-3-in-Notebook-NEW-/110588348154
Apple MacBook Pro MB990LL/A 13.3 in. Notebook NEW,500.0,USD,Apple Laptops,New,https://cgi.sandbox.ebay.com/Apple-MacBook-Pro-MB990LL-A-13-3-in-Notebook-NEW-/110588353431
Apple MacBook Pro MB990LL/A 13.3 in. Notebook NEW,500.0,USD,Apple Laptops,New,https://cgi.sandbox.ebay.com/Apple-MacBook-Pro-MB990LL-A-13-3-in-Notebook-NEW-/110588362074
Apple MacBook Pro MB990LL/A 13.3 in. Notebook NEW,500.0,USD,Apple Laptops,New,https://cgi.sandbox.ebay.com/Apple-MacBook-Pro-MB990LL-A-13-3-in-Notebook-NEW-/110588362164
Apple MacBook Pro MB990LL/A 13.3 in. Notebook NEW,500.0,USD,Apple Laptops,New,https://cgi.sandbox.ebay.com/Apple-MacBook-Pro-MB990LL-A-13-3-in-Notebook-NEW-/110588363755
Apple MacBook Pro MB990LL/A 13.3 in. Notebook NEW,500.0,USD,Apple Laptops,New,https://cgi.sandbox.ebay.com/Apple-MacBook-Pro-MB990LL-A-13-3-in-Notebook-NEW-/110588364335
Apple MacBook Pro MB990LL/A 13.3 in. Notebook NEW,500.0,USD,Apple Laptops,New,https://cgi.sandbox.ebay.com/Apple-MacBook-Pro-MB990LL-A-13-3-in-Notebook-NEW-/110588364598
Apple MacBook Pro MB990LL/A 13.5 in. Notebook NEW,500.0,USD,Apple Laptops,New,https://cgi.sandbox.ebay.com/Apple-MacBook-Pro-MB990LL-A-13-5-in-Notebook-NEW-/110588362183
Apple MacBook Pro MB990LL/A 13.3 in. Notebook NEW,500.0,USD,Apple Laptops,New,https://cgi.sandbox.ebay.com/Apple-MacBook-Pro-MB990LL-A-13-3-in-Notebook-NEW-/110588362205
a JSjs Pro MB990LL/A 13.3 in. Notebook NEW,540.0,USD,Apple Laptops,New,https://cgi.sandbox.ebay.com/JSjs-Pro-MB990LL-A-13-3-in-Notebook-NEW-/110588636147?var=0
Apple MacBook Pro MB990LL/A 13.3 in. Notebook NEW88899000,500.0,USD,Apple Laptops,New,https://cgi.sandbox.ebay.com/Apple-MacBook-Pro-MB990LL-A-13-3-in-Notebook-NEW88899000-/110588347110
Apple MacBook Pro MB990LL/A 13.3 in. Notebook TEST-123,500.0,USD,Apple Laptops,New,https://cgi.sandbox.ebay.com/Apple-MacBook-Pro-MB990LL-A-13-3-in-Notebook-TEST-123-/110588362185
Modern API Request Success Test - 1756880755,29.99,USD,PC Laptops & Netbooks,New,https://cgi.sandbox.ebay.com/Modern-API-Request-Success-Test-1756880755-/110588414911
Modern API Request Success Test - 1756882086,29.99,USD,PC Laptops & Netbooks,New,https://cgi.sandbox.ebay.com/Modern-API-Request-Success-Test-1756882086-/110588414918
HP MacBook Pro MB990LL/A 13.3 in. Notebook NEW,500.0,USD,Apple Laptops,New,https://cgi.sandbox.ebay.com/HP-MacBook-Pro-MB990LL-A-13-3-in-Notebook-NEW-/110588423488
Harry Potter and the Goblet of Fire - Second Edition,39.0,USD,PC Laptops & Netbooks,Used,https://cgi.sandbox.ebay.com/Harry-Potter-and-Goblet-Fire-Second-Edition-/110588601965
36_Fondjoy Marvel figure Splicing toys iron man MK1 MK2 MK3 MK4 MK5 MK6 MK7 A...,499.0,USD,Apple Laptops,New,https://cgi.sandbox.ebay.com/36-Fondjoy-Marvel-figure-Splicing-toys-iron-man-MK1-MK2-MK3-MK4-MK5-MK6-MK7-A-/110588636164?var=0
47703-35091 0002,440.0,USD,Apple Laptops,New,https://cgi.sandbox.ebay.com/47703-35091-0002-/110588399005
Apple MacBook Pro MB990LL/A 13.3 in. Notebook NEW,500.0,USD,Apple Laptops,New,https://cgi.sandbox.ebay.com/Apple-MacBook-Pro-MB990LL-A-13-3-in-Notebook-NEW-/110588305904
Apple MacBook Pro MB990LL/A 13.3 in. Notebook NEW,500.0,USD,Apple Laptops,New,https://cgi.sandbox.ebay.com/Apple-MacBook-Pro-MB990LL-A-13-3-in-Notebook-NEW-/110588317624
Apple MacBook Pro MB990LL/A 13.3 in. Notebook NEW,500.0,USD,Apple Laptops,New,https://cgi.sandbox.ebay.com/Apple-MacBook-Pro-MB990LL-A-13-3-in-Notebook-NEW-/110588319578
Apple MacBook Pro MB990LL/A 13.3 in. Notebook NEW,500.0,USD,Apple Laptops,New,https://cgi.sandbox.ebay.com/Apple-MacBook-Pro-MB990LL-A-13-3-in-Notebook-NEW-/110588319864
Apple MacBook Pro MB990LL/A 13.3 in. Notebook NEW,500.0,USD,Apple Laptops,New,https://cgi.sandbox.ebay.com/Apple-MacBook-Pro-MB990LL-A-13-3-in-Notebook-NEW-/110588320470
Apple MacBook Pro MB990LL/A 13.3 in. Notebook NEW,500.0,USD,Apple Laptops,New,https://cgi.sandbox.ebay.com/Apple-MacBook-Pro-MB990LL-A-13-3-in-Notebook-NEW-/110588321114
Apple MacBook Pro MB990LL/A 13.3 in. Notebook NEW,500.0,USD,Apple Laptops,New,https://cgi.sandbox.ebay.com/Apple-MacBook-Pro-MB990LL-A-13-3-in-Notebook-NEW-/110588322096
Apple MacBook Pro MB990LL/A 13.3 in. Notebook NEW,500.0,USD,Apple Laptops,New,https://cgi.sandbox.ebay.com/Apple-MacBook-Pro-MB990LL-A-13-3-in-Notebook-NEW-/110588323859
Apple MacBook Pro MB990LL/A 13.3 in. Notebook NEW,500.0,USD,Apple Laptops,New,https://cgi.sandbox.ebay.com/Apple-MacBook-Pro-MB990LL-A-13-3-in-Notebook-NEW-/110588325253
Apple MacBook Pro MB990LL/A 13.3 in. Notebook NEW,500.0,USD,Apple Laptops,New,https://cgi.sandbox.ebay.com/Apple-MacBook-Pro-MB990LL-A-13-3-in-Notebook-NEW-/110588325333
Apple MacBook Pro MB990LL/A 13.3 in. Notebook NEW,500.0,USD,Apple Laptops,New,https://cgi.sandbox.ebay.com/Apple-MacBook-Pro-MB990LL-A-13-3-in-Notebook-NEW-/110588330214
Apple MacBook Pro MB990LL/A 13.3 in. Notebook NEW,500.0,USD,Apple Laptops,New,https://cgi.sandbox.ebay.com/Apple-MacBook-Pro-MB990LL-A-13-3-in-Notebook-NEW-/110588337531
Apple MacBook Pro MB990LL/A 13.3 in. Notebook NEW,500.0,USD,Apple Laptops,New,https://cgi.sandbox.ebay.com/Apple-MacBook-Pro-MB990LL-A-13-3-in-Notebook-NEW-/110588332286
T480 FOR PARTS - Pre Tag Test,64.0,USD,PC Laptops & Netbooks,For parts or not working,https://cgi.sandbox.ebay.com/T480-PARTS-Pre-Tag-Test-/110588631319
T480 FOR PARTS - BR Tag Test,64.0,USD,PC Laptops & Netbooks,For parts or not working,https://cgi.sandbox.ebay.com/T480-PARTS-BR-Tag-Test-/110588631320
T480 FOR PARTS - P Tag Test,64.0,USD,PC Laptops & Netbooks,For parts or not working,https://cgi.sandbox.ebay.com/T480-PARTS-P-Tag-Test-/110588631321
Apple MacBook Pro MB990LL/A 13.3 in. DNT Test 1,500.0,USD,Apple Laptops,New,https://cgi.sandbox.ebay.com/Apple-MacBook-Pro-MB990LL-A-13-3-in-DNT-Test-1-/110588322120
Apple MacBook Pro MB990LL/A 13.3 in. Notebook NEW_lpf,500.0,USD,Apple Laptops,New,https://cgi.sandbox.ebay.com/Apple-MacBook-Pro-MB990LL-A-13-3-in-Notebook-NEW-lpf-/110588332421
Apple MacBook Pro MB990LL/A 13.3 in. Notebook NEW,500.0,USD,Apple Laptops,New,https://cgi.sandbox.ebay.com/Apple-MacBook-Pro-MB990LL-A-13-3-in-Notebook-NEW-/110587811609
Dell MacBook Pro MB990LL/A 13.3 in. Notebook NEW,500.0,USD,Apple Laptops,New,https://cgi.sandbox.ebay.com/Dell-MacBook-Pro-MB990LL-A-13-3-in-Notebook-NEW-/110587864194
HP MacBook Pro MB990LL/A 13.3 in. Notebook NEW,500.0,USD,Apple Laptops,New,https://cgi.sandbox.ebay.com/HP-MacBook-Pro-MB990LL-A-13-3-in-Notebook-NEW-/110588087934
a JSjs Pro MB990LL/A 13.3 in. Notebook NEW,500.0,USD,Apple Laptops,New,https://cgi.sandbox.ebay.com/JSjs-Pro-MB990LL-A-13-3-in-Notebook-NEW-/110588217767
Apple MacBook Pro MB990LL/A 13.3 in. Notebook NEW DNT 2,500.0,USD,Apple Laptops,New,https://cgi.sandbox.ebay.com/Apple-MacBook-Pro-MB990LL-A-13-3-in-Notebook-NEW-DNT-2-/110588322127
Apple MacBook Pro MB990LL/A 13.3 in. Notebook NEW DNT 3,500.0,USD,Apple Laptops,New,https://cgi.sandbox.ebay.com/Apple-MacBook-Pro-MB990LL-A-13-3-in-Notebook-NEW-DNT-3-/110588322150
Apple MacBook Pro MB990LL/A 13.3 in. Notebook NEW_lpf1,500.0,USD,Apple Laptops,New,https://cgi.sandbox.ebay.com/Apple-MacBook-Pro-MB990LL-A-13-3-in-Notebook-NEW-lpf1-/110588332440
Jinoom JSjs Pro MB990LL/A 13.3 in. Notebook NEW,500.0,USD,Apple Laptops,New,https://cgi.sandbox.ebay.com/Jinoom-JSjs-Pro-MB990LL-A-13-3-in-Notebook-NEW-/110588218406?var=0
Test Laptop - Python eBay API,99.99,USD,PC Laptops & Netbooks,Used,https://cgi.sandbox.ebay.com/Test-Laptop-Python-eBay-API-/110588641946
Lenovo T480 i5-8250U 8GB 128GB - FOR PARTS (Plain Text Test),64.0,USD,PC Laptops & Netbooks,For parts or not working,https://cgi.sandbox.ebay.com/Lenovo-T480-i5-8250U-8GB-128GB-PARTS-Plain-Text-Test-/110588631313
Lenovo T480 i5-8250U 8GB 128GB - FOR PARTS (Line Breaks Test),64.0,USD,PC Laptops & Netbooks,For parts or not working,https://cgi.sandbox.ebay.com/Lenovo-T480-i5-8250U-8GB-128GB-PARTS-Line-Breaks-Test-/110588631317
HP MacBook Pro MB990LL/A 13.3 in. Notebook NEW,540.0,USD,Apple Laptops,New,https://cgi.sandbox.ebay.com/HP-MacBook-Pro-MB990LL-A-13-3-in-Notebook-NEW-/110588634512?var=0
HP MacBook Pro MB990LL/A 13.3 in. Notebook NEW,540.0,USD,Apple Laptops,New,https://cgi.sandbox.ebay.com/HP-MacBook-Pro-MB990LL-A-13-3-in-Notebook-NEW-/110588634606?var=0
HP MacBook Pro MB990LL/A 13.3 in. Notebook NEW,540.0,USD,Apple Laptops,New,https://cgi.sandbox.ebay.com/HP-MacBook-Pro-MB990LL-A-13-3-in-Notebook-NEW-/110588634610?var=0
HP MacBook Pro MB990LL/A 13.3 in. Notebook NEW,540.0,USD,Apple Laptops,New,https://cgi.sandbox.ebay.com/HP-MacBook-Pro-MB990LL-A-13-3-in-Notebook-NEW-/110588634613?var=0
HP MacBook Pro MB990LL/A 13.3 in. Notebook NEW,540.0,USD,Apple Laptops,New,https://cgi.sandbox.ebay.com/HP-MacBook-Pro-MB990LL-A-13-3-in-Notebook-NEW-/110588634614?var=0
a JSjs Pro MB990LL/A 13.3 in. Notebook NEW,540.0,USD,Apple Laptops,New,https://cgi.sandbox.ebay.com/JSjs-Pro-MB990LL-A-13-3-in-Notebook-NEW-/110588634618?var=0
HP MacBook Pro MB990LL/A 13.3 in. Notebook NEW,540.0,USD,Apple Laptops,New,https://cgi.sandbox.ebay.com/HP-MacBook-Pro-MB990LL-A-13-3-in-Notebook-NEW-/110588634658?var=0
HP MacBook Pro MB990LL/A 13.3 in. Notebook NEW,540.0,USD,Apple Laptops,New,https://cgi.sandbox.ebay.com/HP-MacBook-Pro-MB990LL-A-13-3-in-Notebook-NEW-/110588635356?var=0
HP MacBook Pro MB990LL/A 13.3 in. Notebook NEW,540.0,USD,Apple Laptops,New,https://cgi.sandbox.ebay.com/HP-MacBook-Pro-MB990LL-A-13-3-in-Notebook-NEW-/110588635357?var=0
HP MacBook Pro MB990LL/A 13.3 in. Notebook NEW,540.0,USD,Apple Laptops,New,https://cgi.sandbox.ebay.com/HP-MacBook-Pro-MB990LL-A-13-3-in-Notebook-NEW-/110588635359?var=0
a JSjs Pro MB990LL/A 13.3 in. Notebook NEW,540.0,USD,Apple Laptops,New,https://cgi.sandbox.ebay.com/JSjs-Pro-MB990LL-A-13-3-in-Notebook-NEW-/110588635815?var=0
HP MacBook Pro MB990LL/A 13.3 in. Notebook NEW,540.0,USD,Apple Laptops,New,https://cgi.sandbox.ebay.com/HP-MacBook-Pro-MB990LL-A-13-3-in-Notebook-NEW-/110588635819?var=0
a JSjs Pro MB990LL/A 13.3 in. Notebook NEW,540.0,USD,Apple Laptops,New,https://cgi.sandbox.ebay.com/JSjs-Pro-MB990LL-A-13-3-in-Notebook-NEW-/110588635820?var=0
test item [test002],1.0,USD,PC Laptops & Netbooks,New,https://cgi.sandbox.ebay.com/test-item-test002-/110588400135
2025 MacBook Air 15” M4 Chip - Sleek & Powerful Laptop,799.99,USD,Apple Laptops,New,https://cgi.sandbox.ebay.com/2025-MacBook-Air-15-M4-Chip-Sleek-Powerful-Laptop-/110588375563
The Collection Snowboard: Oxygen,57.0,USD,Apple Laptops,New,https://cgi.sandbox.ebay.com/Collection-Snowboard-Oxygen-/110588638950
The Collection Snowboard: Oxygen,57.0,USD,Apple Laptops,New,https://cgi.sandbox.ebay.com/Collection-Snowboard-Oxygen-/110588638966
"Refurbished 15"" MacBook Air M4 Chip - 10-Core CPU/GPU - Midnight",799.99,USD,Apple Laptops,New,https://cgi.sandbox.ebay.com/Refurbished-15-MacBook-Air-M4-Chip-10-Core-CPU-GPU-Midnight-/110588375544
Dell Inc. XPS 15 9570-Intel(R) Core(TM) i7-8750H CPU @ 2.20GHz-32GB-1024GB,30.0,USD,PC Laptops & Netbooks,Used,https://cgi.sandbox.ebay.com/Dell-Inc-XPS-15-9570-Intel-R-Core-TM-i7-8750H-CPU-2-20GHz-32GB-1024GB-/110588319566
Apple MacBook Aluminum Laptop - Space Black,1400.0,USD,Apple Laptops,New,https://cgi.sandbox.ebay.com/Apple-MacBook-Aluminum-Laptop-Space-Black-/110588600419
qwecsfdfjhjuiuy,500.0,USD,Apple Laptops,New,https://cgi.sandbox.ebay.com/qwecsfdfjhjuiuy-/110588467111
A 13.3 in. Notebook NEW,500.0,USD,Apple Laptops,New,https://cgi.sandbox.ebay.com/13-3-in-Notebook-NEW-/110588216991
Super Terrifix Test Listing,500.0,USD,Apple Laptops,New,https://cgi.sandbox.ebay.com/Super-Terrifix-Test-Listing-/110588320559
Test SN,5.0,USD,PC Laptops & Netbooks,Used,https://cgi.sandbox.ebay.com/Test-SN-/110588320571
test item [test003],1.0,USD,PC Laptops & Netbooks,New,https://cgi.sandbox.ebay.com/test-item-test003-/110588404784?var=410110321940
zxzxzxzxzxzxqwwqqwqw,500.0,USD,Apple Laptops,New,https://cgi.sandbox.ebay.com/zxzxzxzxzxzxqwwqqwqw-/110588455148
LENOVO 20S60029US-Intel(R) Core(TM) i5-10210U CPU @ 1.60GHz-8GB-256GB,4.0,USD,PC Laptops & Netbooks,Used,https://cgi.sandbox.ebay.com/LENOVO-20S60029US-Intel-R-Core-TM-i5-10210U-CPU-1-60GHz-8GB-256GB-/110588319838
LENOVO 20S60029US-Intel(R) Core(TM) i5-10210U CPU @ 1.60GHz-8GB-256GB,5.0,USD,PC Laptops & Netbooks,Used,https://cgi.sandbox.ebay.com/LENOVO-20S60029US-Intel-R-Core-TM-i5-10210U-CPU-1-60GHz-8GB-256GB-/110588320617
- Milwaukee M12 12-Volt Lithium-Ion Cordless 1/4 in. Hex Screwdriver Kit with...,1000.0,USD,PC Laptops & Netbooks,Used,https://cgi.sandbox.ebay.com/Milwaukee-M12-12-Volt-Lithium-Ion-Cordless-1-4-in-Hex-Screwdriver-Kit-with-/110588427360
Apple MacBook  Notebook NEW,501.0,USD,Apple Laptops,New,https://cgi.sandbox.ebay.com/Apple-MacBook-Notebook-NEW-/110588368925
Apple MacBook Pro MB990LL/A 13.3 in. Notebook NEW11111111111,500.0,USD,Apple Laptops,New,https://cgi.sandbox.ebay.com/Apple-MacBook-Pro-MB990LL-A-13-3-in-Notebook-NEW11111111111-/110588385504
Test Active Auto-Relist Item,25.0,USD,PC Laptops & Netbooks,New,https://cgi.sandbox.ebay.com/Test-Active-Auto-Relist-Item-/110588371080
Test SN,6.0,USD,PC Laptops & Netbooks,Used,https://cgi.sandbox.ebay.com/Test-SN-/110588319684
Test SN,7.0,USD,PC Laptops & Netbooks,Used,https://cgi.sandbox.ebay.com/Test-SN-/110588319782
test3,500.0,USD,Apple Laptops,New,https://cgi.sandbox.ebay.com/test3-/110588420081
Test6,500.0,USD,Apple Laptops,New,https://cgi.sandbox.ebay.com/Test6-/110588422572
some bilstein test3,200.0,USD,Apple Laptops,New,https://cgi.sandbox.ebay.com/some-bilstein-test3-/110588364118
Apple MacBook Pro MB990LL/A 13.3 in. Notebook NEW,15.16,USD,Apple Laptops,New,https://cgi.sandbox.ebay.com/Apple-MacBook-Pro-MB990LL-A-13-3-in-Notebook-NEW-/110588320523
centralina audi a3,350.0,USD,Apple Laptops,New,https://cgi.sandbox.ebay.com/centralina-audi-a3-/110588363936
32_HP MacBook Pro MB990LL/A 13.3 in. Notebook NEW,499.0,USD,Apple Laptops,New,https://cgi.sandbox.ebay.com/32-HP-MacBook-Pro-MB990LL-A-13-3-in-Notebook-NEW-/110588635590
Test2,500.0,USD,Apple Laptops,New,https://cgi.sandbox.ebay.com/Test2-/110588419658
Harry Potter and the Goblet of Fire - First Edition,500.0,USD,Apple Laptops,New,https://cgi.sandbox.ebay.com/Harry-Potter-and-Goblet-Fire-First-Edition-/110588362206
Apple Mac Book pro,299.99,USD,Apple Laptops,New,https://cgi.sandbox.ebay.com/Apple-Mac-Book-pro-/110588600366
"Apple MacBook Pro 14"" 2021 M1 Pro Gray",1781.46,USD,Apple Laptops,New,https://cgi.sandbox.ebay.com/Apple-MacBook-Pro-14-2021-M1-Pro-Gray-/110588455866
"Apple MacBook - Space Black, Aluminum Body",299.99,USD,Apple Laptops,New,https://cgi.sandbox.ebay.com/Apple-MacBook-Space-Black-Aluminum-Body-/110588600389
"Apple MacBook - Aluminum Body, Space Black",299.99,USD,Apple Laptops,New,https://cgi.sandbox.ebay.com/Apple-MacBook-Aluminum-Body-Space-Black-/110588600391
37_Updated____UTHAI Men Watch Light Luxury Brand Stainless Steel Double Calen...,499.0,USD,Apple Laptops,New,https://cgi.sandbox.ebay.com/37-Updated-UTHAI-Men-Watch-Light-Luxury-Brand-Stainless-Steel-Double-Calen-/110588637850?var=0
Dell Inc. XPS 15 9570-Intel(R) Core(TM) i7-8750H CPU @ 2.20GHz-32GB-1024GB,10.0,USD,PC Laptops & Netbooks,Used,https://cgi.sandbox.ebay.com/Dell-Inc-XPS-15-9570-Intel-R-Core-TM-i7-8750H-CPU-2-20GHz-32GB-1024GB-/110588319823
"Apple MacBook Pro - Aluminum Body, Space Black",299.99,USD,Apple Laptops,New,https://cgi.sandbox.ebay.com/Apple-MacBook-Pro-Aluminum-Body-Space-Black-/110588600379
"Apple MacBook Pro - Aluminum Unibody, Space Black",299.99,USD,Apple Laptops,New,https://cgi.sandbox.ebay.com/Apple-MacBook-Pro-Aluminum-Unibody-Space-Black-/110588600390
Apple MacBook Pro - Aluminum Body - Space Black,299.99,USD,Apple Laptops,New,https://cgi.sandbox.ebay.com/Apple-MacBook-Pro-Aluminum-Body-Space-Black-/110588600418
MacBook Pro,440.0,USD,Apple Laptops,New,https://cgi.sandbox.ebay.com/MacBook-Pro-/110588399093
"Apple MacBook Pro - Slim Aluminum Body, Space Black",299.99,USD,Apple Laptops,New,https://cgi.sandbox.ebay.com/Apple-MacBook-Pro-Slim-Aluminum-Body-Space-Black-/110588600384
8_JINKO and the Philosopher's Stone,1.0,USD,Apple Laptops,New,https://cgi.sandbox.ebay.com/8-JINKO-and-Philosophers-Stone-/110588631717?var=0
HP MacBook Pro MB990LL/A 13.3 in. Notebook NEW,500.0,USD,Apple Laptops,New,https://cgi.sandbox.ebay.com/HP-MacBook-Pro-MB990LL-A-13-3-in-Notebook-NEW-/110588639423?var=0
LENOVO 20N4002NUS-Intel(R) Core(TM) i7-8665U CPU @ 1.90GHz-16GB-256GB,20.0,USD,PC Laptops & Netbooks,Used,https://cgi.sandbox.ebay.com/LENOVO-20N4002NUS-Intel-R-Core-TM-i7-8665U-CPU-1-90GHz-16GB-256GB-/110588319436
"Blackview ‎GamiBook 8 AMD R7 7735HS 16"" 5000MAH Laptop 16GB LPDDR5 RAM 512GB ROM",877.39,USD,PC Laptops & Netbooks,New,https://cgi.sandbox.ebay.com/Blackview-GamiBook-8-AMD-R7-7735HS-16-5000MAH-Laptop-16GB-LPDDR5-RAM-512GB-ROM-/110588632591?var=410110755767
"Apple MacBook Air M4 15-Inch - Lightweight, Powerful Laptop",12.0,USD,Apple Laptops,New,https://cgi.sandbox.ebay.com/Apple-MacBook-Air-M4-15-Inch-Lightweight-Powerful-Laptop-/110588375623
Apple MacBook Pro MB990LL/A 13.3 in. Notebook NEW,500.0,USD,Apple Laptops,New,https://cgi.sandbox.ebay.com/Apple-MacBook-Pro-MB990LL-A-13-3-in-Notebook-NEW-/110588640840
"Apple MacBook Pro 16"" M1 Pro 16GB RAM 512GB SSD Excellent Pre-owned",1100.0,USD,Apple Laptops,Used,https://cgi.sandbox.ebay.com/Apple-MacBook-Pro-16-M1-Pro-16GB-RAM-512GB-SSD-Excellent-Pre-owned-/110588321301
"Apple MacBook Pro - Space Black, Retina Display",299.99,USD,Apple Laptops,New,https://cgi.sandbox.ebay.com/Apple-MacBook-Pro-Space-Black-Retina-Display-/110588598566
some bilstein test2,200.0,USD,Apple Laptops,New,https://cgi.sandbox.ebay.com/some-bilstein-test2-/110588364045
some ARP test1,200.0,USD,Apple Laptops,New,https://cgi.sandbox.ebay.com/some-ARP-test1-/110588364743
LENOVO 20EN001SUS-Intel(R) Xeon(R) CPU E3-1505M v5 @ 2.80GHz-32GB-512GB,3000.0,USD,PC Laptops & Netbooks,Used,https://cgi.sandbox.ebay.com/LENOVO-20EN001SUS-Intel-R-Xeon-R-CPU-E3-1505M-v5-2-80GHz-32GB-512GB-/110588386976
Macbook pro,1800.0,USD,PC Laptops & Netbooks,New,https://cgi.sandbox.ebay.com/Macbook-pro-/110588600441
Apple MacBook Pro MB990LL/A 13.3 in. Notebook NEW,500.0,USD,Apple Laptops,New,https://cgi.sandbox.ebay.com/Apple-MacBook-Pro-MB990LL-A-13-3-in-Notebook-NEW-/110588636945
Apple MacBook Pro MB990LL/A 13.3 in. Notebook NEW,100.0,USD,Apple Laptops,New,https://cgi.sandbox.ebay.com/Apple-MacBook-Pro-MB990LL-A-13-3-in-Notebook-NEW-/110588320087
Test SN,4567.0,USD,PC Laptops & Netbooks,Used,https://cgi.sandbox.ebay.com/Test-SN-/110588319870
Test SN,23434.0,USD,PC Laptops & Netbooks,Used,https://cgi.sandbox.ebay.com/Test-SN-/110588319961
Test SN,2343.0,USD,PC Laptops & Netbooks,Used,https://cgi.sandbox.ebay.com/Test-SN-/110588319971
Test SN,23423.0,USD,PC Laptops & Netbooks,Used,https://cgi.sandbox.ebay.com/Test-SN-/110588319969
Test SN,2342.0,USD,PC Laptops & Netbooks,Used,https://cgi.sandbox.ebay.com/Test-SN-/110588319972
Test SN,2343.0,USD,PC Laptops & Netbooks,Used,https://cgi.sandbox.ebay.com/Test-SN-/110588320467
a JSjs Pro MB990LL/A 13.3 in. Notebook NEW,500.0,USD,Apple Laptops,New,https://cgi.sandbox.ebay.com/JSjs-Pro-MB990LL-A-13-3-in-Notebook-NEW-/110588635192?var=0
Apple MacBook Air M2 Laptop with Liquid Retina Display - Starlight,100.0,USD,Apple Laptops,New,https://cgi.sandbox.ebay.com/Apple-MacBook-Air-M2-Laptop-Liquid-Retina-Display-Starlight-/110588598897
Apple MacBook Air M2 - Liquid Retina Display - Silver,500.0,USD,Apple Laptops,New,https://cgi.sandbox.ebay.com/Apple-MacBook-Air-M2-Liquid-Retina-Display-Silver-/110588598895
"Apple MacBook Pro - Backlit Keyboard, Silver",775.0,USD,Apple Laptops,Used,https://cgi.sandbox.ebay.com/Apple-MacBook-Pro-Backlit-Keyboard-Silver-/110588600455
17_Single_Variant_HP MacBook Pro MB990LL/A 13.3 in. Notebook NEW,500.0,USD,Apple Laptops,New,https://cgi.sandbox.ebay.com/17-Single-Variant-HP-MacBook-Pro-MB990LL-A-13-3-in-Notebook-NEW-/110588632337
Apple MacBook Air 13-inch,999.99,USD,Apple Laptops,New,https://cgi.sandbox.ebay.com/Apple-MacBook-Air-13-inch-/110588322311
Apple MacBook Pro - Backlit Keyboard - Space Gray,525.0,USD,Apple Laptops,Used,https://cgi.sandbox.ebay.com/Apple-MacBook-Pro-Backlit-Keyboard-Space-Gray-/110588600433
Apple MacBook Pro - Backlit Keyboard - Space Gray,500.0,USD,Apple Laptops,Used,https://cgi.sandbox.ebay.com/Apple-MacBook-Pro-Backlit-Keyboard-Space-Gray-/110588600457
"Apple MacBook Pro - Backlit Keyboard, Silver",500.0,USD,Apple Laptops,Used,https://cgi.sandbox.ebay.com/Apple-MacBook-Pro-Backlit-Keyboard-Silver-/110588600326
34_HP MacBook Pro MB990LL/A 13.3 in. Notebook NEW,499.0,USD,Apple Laptops,New,https://cgi.sandbox.ebay.com/34-HP-MacBook-Pro-MB990LL-A-13-3-in-Notebook-NEW-/110588635973?var=0
Apple MacBook Air M2 Laptop - Silver,299.99,USD,Apple Laptops,New,https://cgi.sandbox.ebay.com/Apple-MacBook-Air-M2-Laptop-Silver-/110588598896
Aplle Mac Book,299.99,USD,Apple Laptops,New,https://cgi.sandbox.ebay.com/Aplle-Mac-Book-/110588600343
Not US,500.0,USD,Apple Laptops,New,https://cgi.sandbox.ebay.com/Not-US-/110588600935
Apple MacBook Pro 13.3 in. Notebook - RAM Options,500.0,USD,Apple Laptops,New,https://cgi.sandbox.ebay.com/Apple-MacBook-Pro-13-3-in-Notebook-RAM-Options-/110588601400?var=0
Apple MacBook Pro MB990LL/A 13.3 in. Notebook NEW,500.0,USD,Apple Laptops,New,https://cgi.sandbox.ebay.com/Apple-MacBook-Pro-MB990LL-A-13-3-in-Notebook-NEW-/110588604865
Apple MacBook Pro MB990LL/A 13.3 in. Notebook NEW,500.0,USD,Apple Laptops,New,https://cgi.sandbox.ebay.com/Apple-MacBook-Pro-MB990LL-A-13-3-in-Notebook-NEW-/110588612685
Apple MacBook Pro MB990LL/A 13.3 in. Notebook NEW,500.0,USD,Apple Laptops,New,https://cgi.sandbox.ebay.com/Apple-MacBook-Pro-MB990LL-A-13-3-in-Notebook-NEW-/110588600581
Apple MacBook Pro MB990LL/A 13.3 in. Notebook NEW test,500.0,USD,Apple Laptops,New,https://cgi.sandbox.ebay.com/Apple-MacBook-Pro-MB990LL-A-13-3-in-Notebook-NEW-test-/110588600602
TEST DISCOUNT,50.0,USD,Apple Laptops,New,https://cgi.sandbox.ebay.com/TEST-DISCOUNT-/110588601459
2_HP MacBook Pro MB990LL/A 13.3 in. Notebook NEW,500.0,USD,Apple Laptops,New,https://cgi.sandbox.ebay.com/2-HP-MacBook-Pro-MB990LL-A-13-3-in-Notebook-NEW-/110588631135?var=0
4_HP MacBook Pro MB990LL/A 13.3 in. Notebook NEW,500.0,USD,Apple Laptops,New,https://cgi.sandbox.ebay.com/4-HP-MacBook-Pro-MB990LL-A-13-3-in-Notebook-NEW-/110588631223?var=0
6_ a JSjs Pro MB990LL/A 13.3 in. Notebook NEW,500.0,USD,Apple Laptops,New,https://cgi.sandbox.ebay.com/6-JSjs-Pro-MB990LL-A-13-3-in-Notebook-NEW-/110588631579?var=0
7_HP MacBook Pro MB990LL/A 13.3 in. Notebook NEW,500.0,USD,Apple Laptops,New,https://cgi.sandbox.ebay.com/7-HP-MacBook-Pro-MB990LL-A-13-3-in-Notebook-NEW-/110588631713?var=0
9_HP MacBook Pro MB990LL/A 13.3 in. Notebook NEW,500.0,USD,Apple Laptops,New,https://cgi.sandbox.ebay.com/9-HP-MacBook-Pro-MB990LL-A-13-3-in-Notebook-NEW-/110588631718?var=0
12_HP MacBook Pro MB990LL/A 13.3 in. Notebook NEW,500.0,USD,Apple Laptops,New,https://cgi.sandbox.ebay.com/12-HP-MacBook-Pro-MB990LL-A-13-3-in-Notebook-NEW-/110588631765?var=0
13_HP MacBook Pro MB990LL/A 13.3 in. Notebook NEW,500.0,USD,Apple Laptops,New,https://cgi.sandbox.ebay.com/13-HP-MacBook-Pro-MB990LL-A-13-3-in-Notebook-NEW-/110588631768?var=0
14_HP MacBook Pro MB990LL/A 13.3 in. Notebook NEW,500.0,USD,Apple Laptops,New,https://cgi.sandbox.ebay.com/14-HP-MacBook-Pro-MB990LL-A-13-3-in-Notebook-NEW-/110588631769?var=0
14_HP MacBook Pro MB990LL/A 13.3 in. Notebook NEW,500.0,USD,Apple Laptops,New,https://cgi.sandbox.ebay.com/14-HP-MacBook-Pro-MB990LL-A-13-3-in-Notebook-NEW-/110588631770?var=0
"Apple MacBook Pro 14"" 2021 M1 Pro Gray",1781.46,USD,Apple Laptops,New,https://cgi.sandbox.ebay.com/Apple-MacBook-Pro-14-2021-M1-Pro-Gray-/110588420747
Apple MacBook Pro MB990LL/A 13.3 in. Notebook NEW,500.0,USD,Apple Laptops,New,https://cgi.sandbox.ebay.com/Apple-MacBook-Pro-MB990LL-A-13-3-in-Notebook-NEW-/110588594557
Apple MacBook Pro MB990LL/A 13.3 in. Notebook NEW,500.0,USD,Apple Laptops,New,https://cgi.sandbox.ebay.com/Apple-MacBook-Pro-MB990LL-A-13-3-in-Notebook-NEW-/110588594948
3_HP MacBook Pro MB990LL/A 13.3 in. Notebook NEW,500.0,USD,Apple Laptops,New,https://cgi.sandbox.ebay.com/3-HP-MacBook-Pro-MB990LL-A-13-3-in-Notebook-NEW-/110588630836?var=0
Apple MacBook Pro MB990LL/A 13.3 in. Notebook NEW,500.0,USD,Apple Laptops,New,https://cgi.sandbox.ebay.com/Apple-MacBook-Pro-MB990LL-A-13-3-in-Notebook-NEW-/110588631802
HP MacBook Pro MB990LL/A 13.3 in. Notebook NEW,999.0,USD,Apple Laptops,New,https://cgi.sandbox.ebay.com/HP-MacBook-Pro-MB990LL-A-13-3-in-Notebook-NEW-/110588640063?var=0
47703-35091 0003,440.0,USD,Apple Laptops,New,https://cgi.sandbox.ebay.com/47703-35091-0003-/110588399051
47703-35091 0004,440.0,USD,Apple Laptops,New,https://cgi.sandbox.ebay.com/47703-35091-0004-/110588399055
15_HP MacBook Pro MB990LL/A 13.3 in. Notebook NEW,500.0,USD,Apple Laptops,New,https://cgi.sandbox.ebay.com/15-HP-MacBook-Pro-MB990LL-A-13-3-in-Notebook-NEW-/110588631772?var=0
"Apple MacBook Air - Illuminated Logo, Silver",299.99,USD,Apple Laptops,Used,https://cgi.sandbox.ebay.com/Apple-MacBook-Air-Illuminated-Logo-Silver-/110588597523
20_HP MacBook Pro MB990LL/A 13.3 in. Notebook NEW,11.0,USD,Apple Laptops,New,https://cgi.sandbox.ebay.com/20-HP-MacBook-Pro-MB990LL-A-13-3-in-Notebook-NEW-/110588632372?var=0
"Apple MacBook Laptop - Aluminum Body, Space Black",299.99,USD,Apple Laptops,New,https://cgi.sandbox.ebay.com/Apple-MacBook-Laptop-Aluminum-Body-Space-Black-/110588600430
Apple MacBook Pro MB990LL/A 13.3 in. Notebook NEW,500.0,USD,Apple Laptops,New,https://cgi.sandbox.ebay.com/Apple-MacBook-Pro-MB990LL-A-13-3-in-Notebook-NEW-/110588632480
The Collection Snowboard: Oxygen 3,57.0,USD,Apple Laptops,New,https://cgi.sandbox.ebay.com/Collection-Snowboard-Oxygen-3-/110588638946?var=0
TEST DISCOUNT 777,50.0,USD,Apple Laptops,Used,https://cgi.sandbox.ebay.com/TEST-DISCOUNT-777-/110588601417
Test Item From Sandbox,9.99,USD,Apple Laptops,New,https://cgi.sandbox.ebay.com/Test-Item-Sandbox-/110588620464
TEst product 1 - DONT BUY,9.0,USD,Apple Laptops,New,https://cgi.sandbox.ebay.com/TEst-product-1-DONT-BUY-/110588323402
Apple MacBook Pro - Aluminum Body - Space Black,1850.0,USD,Apple Laptops,New,https://cgi.sandbox.ebay.com/Apple-MacBook-Pro-Aluminum-Body-Space-Black-/110588600437
